contract_id,contract_name,publicEntityName,contract_amount,estimatedCost,procurement_method,contractorName1,contractDate,endOrCompleteDate,status,percentageOfCompletion,cost_variance_pct,bidder_count,contract_duration_days,payment_discrepancy,is_red_flag_entity,is_blacklisted_contractor,actual_payment_made
C-2025-001,Supply of Computers & Networking for Nepal Water Supply Corporation,Nepal Water Supply Corporation,6143270.72,6620741.84,NCB,Arun Valley Construction,2/14/2024,6/2/2024,Completed,100,-7.21,6,109,-561383.08,FALSE,FALSE,6704653.8
C-2025-002,Procurement of Furniture for Lalitpur Metropolitan City Office,Lalitpur Metropolitan City Office,5855731.72,6965425.31,NCB,Terai Concrete & Steel,2/24/2024,5/14/2024,Completed,100,-15.93,12,80,-269633.51,FALSE,FALSE,6125365.23
C-2025-003,Irrigation Canal Upgrade for Nepal Water Supply Corporation,Nepal Water Supply Corporation,36966994.29,34911255.19,NCB,Himalayan Builders Pvt. Ltd.,12/11/2023,10/9/2024,Completed,100,5.89,15,303,1032997.75,FALSE,FALSE,35933996.54
C-2025-004,Drainage & Sewer Line Expansion for Department of Local Infrastructure,Department of Local Infrastructure,8469921.96,6716731.63,NCB,Sudur Cement & Hardware,3/10/2025,4/3/2026,Delayed,40.94,26.1,8,389,5517051.94,FALSE,FALSE,2952870.02
C-2025-005,Water Supply Improvement for Bagmati Province Physical Infrastructure Office,Bagmati Province Physical Infrastructure Office,15481952.59,12858126.32,NCB,Gautam Engineering Services,7/5/2024,8/6/2025,Completed,100,20.41,13,397,-1361466.29,TRUE,FALSE,16843418.88
C-2025-006,Training & Capacity Building for Bharatpur Metropolitan City Office,Bharatpur Metropolitan City Office,2496468.5,2069647.82,QCBS,Gandaki GIS & Survey,4/10/2024,7/27/2024,Completed,100,20.62,7,108,81542.06,FALSE,FALSE,2414926.44
C-2025-007,Supply of Smart Cards for Gandaki Province Physical Infrastructure Office,Gandaki Province Physical Infrastructure Office,3702442.19,3869362.21,Direct,Kantipur Traders & Suppliers,3/15/2025,6/17/2025,Completed,100,-4.31,1,94,133429.8,FALSE,FALSE,3569012.39
C-2025-008,Irrigation Canal Upgrade for Bagmati Province Physical Infrastructure Office,Bagmati Province Physical Infrastructure Office,18605653.29,22741194.77,Shopping,Sunrise Meditech Suppliers,2/10/2024,12/30/2024,Delayed,54.66,-18.19,5,324,9616567.37,FALSE,TRUE,8989085.92
C-2025-009,Hospital Building Extension for National Public Procurement Monitoring Office,National Public Procurement Monitoring Office,12832528.7,13154158.47,NCB,Dolakha Telecom Services,2/3/2024,5/6/2025,Completed,100,-2.45,14,458,1508851.39,FALSE,FALSE,11323677.31
C-2025-010,School Building Reconstruction for Agriculture Development Bank (Procurement Unit),Agriculture Development Bank (Procurement Unit),30042293.84,32704521.44,NCB,Shikhar Energy Solutions,3/26/2024,10/12/2024,Completed,100,-8.14,15,200,-308897.78,FALSE,FALSE,30351191.62
C-2025-011,Security Service Contract for Nepal Telecommunications Authority,Nepal Telecommunications Authority,2114868.8,1739643.2,NCB,Shree Ganesh Nirman Sewa,8/18/2023,12/10/2023,Completed,100,21.57,5,114,91342.56,FALSE,FALSE,2023526.24
C-2025-012,Solar Mini-Grid Installation for Department of Electricity Development,Department of Electricity Development,50338126.79,52413778.91,NCB,Nepal Road Maintenance JV,3/14/2024,1/12/2025,In-Progress,10.92,-3.96,12,304,43862376.55,FALSE,FALSE,6475750.24
C-2025-013,GIS Mapping and Survey for Department of Urban Development and Building Construction,Department of Urban Development and Building Construction,2410597.26,2587537.88,QCBS,Narayani Road Builders,4/26/2024,8/30/2024,Completed,100,-6.84,7,126,-149119.48,TRUE,FALSE,2559716.74
C-2025-014,IT System Development for Rastriya Banijya Bank (Procurement Unit),Rastriya Banijya Bank (Procurement Unit),1660039.76,1598443.18,QCBS,Annapurna Developers,4/1/2025,9/14/2025,In-Progress,63.28,3.85,6,166,512399.98,FALSE,FALSE,1147639.78
C-2025-015,Water Supply Improvement for Rastriya Banijya Bank (Procurement Unit),Rastriya Banijya Bank (Procurement Unit),23881260.12,20710779.32,QCBS,Himalayan Builders Pvt. Ltd.,3/5/2025,1/1/2026,In-Progress,25.09,15.31,6,302,16725203.52,FALSE,FALSE,7156056.6
C-2025-016,Hospital Building Extension for National Public Procurement Monitoring Office,National Public Procurement Monitoring Office,25566511.97,28645332.27,NCB,Shree Ganesh Nirman Sewa,9/26/2023,3/1/2025,Completed,100,-10.75,15,522,-554746.31,TRUE,FALSE,26121258.28
C-2025-017,Water Supply Improvement for Agriculture Development Bank (Procurement Unit),Agriculture Development Bank (Procurement Unit),33159418.88,39279466.73,ICB,Gorkha Consulting Engineers,3/28/2024,1/4/2025,Delayed,54.1,-15.58,11,282,12107212.8,FALSE,FALSE,21052206.08
C-2025-018,Road Rehabilitation for Department of Local Infrastructure,Department of Local Infrastructure,43712361.97,44168965.92,Direct,Nepal Security Printers,12/11/2024,3/11/2025,Completed,100,-1.03,1,90,784219.05,FALSE,FALSE,42928142.92
C-2025-019,Supply of Vehicles for Hetauda Sub-Metropolitan City Office,Hetauda Sub-Metropolitan City Office,2436846.99,2372610.18,NCB,Himalayan Builders Pvt. Ltd.,9/11/2023,12/13/2023,Completed,100,2.71,15,93,-52213.72,FALSE,FALSE,2489060.71
C-2025-020,Municipal Office Complex for Gandaki Province Physical Infrastructure Office,Gandaki Province Physical Infrastructure Office,19560795.06,17663021.74,NCB,Himalayan Software Labs,2/5/2024,7/26/2025,Completed,100,10.74,12,537,588886,FALSE,FALSE,18971909.06
C-2025-021,Road Rehabilitation for Ministry of Education,"Ministry of Education, Science and Technology",32516254.66,30449156.54,ICB,Machhapuchhre Suppliers,10/5/2023,1/16/2025,Completed,100,6.79,6,469,-1001372.07,FALSE,FALSE,33517626.73
C-2025-022,Procurement of Electric Poles for Bharatpur Metropolitan City Office,Bharatpur Metropolitan City Office,10684690.66,9784544.24,Shopping,Green Valley Engineering,8/16/2024,11/17/2024,In-Progress,46.81,9.2,5,93,5934560.22,FALSE,FALSE,4750130.44
C-2025-023,Road Rehabilitation for Hetauda Sub-Metropolitan City Office,Hetauda Sub-Metropolitan City Office,31885826.74,32884702.32,NCB,Kantipur Traders & Suppliers,9/26/2024,3/29/2025,Completed,100,-3.04,12,184,-9782.81,FALSE,FALSE,31895609.55
C-2025-024,IT System Development for Hetauda Sub-Metropolitan City Office,Hetauda Sub-Metropolitan City Office,1280912.36,1216255.18,Shopping,Gorkha Consulting Engineers,8/20/2024,12/6/2024,Completed,100,5.32,6,108,26339.24,FALSE,FALSE,1254573.12
C-2025-025,Municipal Office Complex for Nepal Water Supply Corporation,Nepal Water Supply Corporation,24233064.81,25408031.68,Shopping,Hetauda Smart City Consortium,4/18/2024,1/6/2025,Completed,100,-4.62,6,263,-2742483.91,FALSE,FALSE,26975548.72
C-2025-026,Solar Mini-Grid Installation for Pokhara Metropolitan City Office,Pokhara Metropolitan City Office,31156399.84,30878063.83,NCB,Madan Bhandari Construction,1/6/2025,1/21/2026,In-Progress,7.03,0.9,4,380,29015669.55,TRUE,FALSE,2140730.29
C-2025-027,Equipment Installation Service for Pokhara Metropolitan City Office,Pokhara Metropolitan City Office,7337134.66,7167769.26,RFQ,Mountain Steel Fabricators,9/21/2023,1/22/2024,Completed,100,2.36,4,123,-132749.61,TRUE,FALSE,7469884.27
C-2025-028,Solar Mini-Grid Installation for Hetauda Sub-Metropolitan City Office,Hetauda Sub-Metropolitan City Office,13240530.52,15056320.16,QCBS,Madan Bhandari Construction,2/28/2025,2/18/2026,In-Progress,73.8,-12.06,4,355,2840598.04,FALSE,FALSE,10399932.48
C-2025-029,Irrigation Canal Upgrade for Gandaki Province Physical Infrastructure Office,Gandaki Province Physical Infrastructure Office,61939990.96,51520313.9,NCB,Dolakha Telecom Services,3/1/2024,11/6/2024,Completed,100,20.22,8,250,-2180995.39,FALSE,FALSE,64120986.35
C-2025-030,Call Center Outsourcing for Kathmandu Metropolitan City Office,Kathmandu Metropolitan City Office,1550764.59,1445381.25,Shopping,Hetauda Smart City Consortium,3/28/2025,11/12/2025,Completed,100,7.29,3,229,-9272.15,FALSE,FALSE,1560036.74
C-2025-031,Budget & Cost Audit for Department of Local Infrastructure,Department of Local Infrastructure,1626923.65,1640309.26,QCBS,Bhaktapur Sanitation Services,12/9/2023,4/6/2024,In-Progress,28.44,-0.82,7,119,1117996.64,FALSE,FALSE,508927.01
C-2025-032,Water Supply Improvement for Department of Roads,"Department of Roads, DOR",67656950.07,61297846.6,QCBS,Annapurna Developers,11/15/2023,7/21/2024,Completed,100,10.37,6,249,1307382,FALSE,FALSE,66349568.07
C-2025-033,Road Rehabilitation for Department of Urban Development and Building Construction,Department of Urban Development and Building Construction,12755605.88,13103772.59,NCB,Terai Concrete & Steel,6/3/2025,9/3/2026,Delayed,87.68,-2.66,14,457,2801756,FALSE,FALSE,9953849.88
C-2025-034,Municipal Office Complex for Nepal Water Supply Corporation,Nepal Water Supply Corporation,31200031.94,34127179.77,NCB,Sagarmatha Infra JV,7/4/2023,7/20/2024,Completed,100,-8.58,9,382,2315574.1,FALSE,FALSE,28884457.84
C-2025-035,Procurement of Electric Poles for Kathmandu Metropolitan City Office,Kathmandu Metropolitan City Office,8545973.4,8850536.17,NCB,Narayani Road Builders,9/16/2023,10/23/2023,In-Progress,61.26,-3.44,15,37,3133065.86,FALSE,FALSE,5412907.54
C-2025-036,Solar Mini-Grid Installation for Department of Local Infrastructure,Department of Local Infrastructure,30687078.2,31766302.75,NCB,Sagarmatha Infra JV,7/1/2024,4/5/2025,Completed,100,-3.4,7,278,1315281.47,FALSE,FALSE,29371796.73
C-2025-037,Policy & Process Review for Province 1 Infrastructure Development Office,Province 1 Infrastructure Development Office,4045941.41,3467548.11,NCB,Janakpur IT & Systems,2/28/2024,11/15/2024,Delayed,71.41,16.68,6,261,1393344.94,FALSE,TRUE,2652596.47
C-2025-038,Social Safeguard Study for Gandaki Province Physical Infrastructure Office,Gandaki Province Physical Infrastructure Office,5506104.87,4963853.32,NCB,Arun Valley Construction,3/30/2024,10/13/2024,Completed,100,10.92,6,197,-318267,FALSE,FALSE,5824371.87
C-2025-039,School Building Reconstruction for Department of Electricity Development,Department of Electricity Development,43716497.06,53667034.44,QCBS,Sudur Cement & Hardware,5/8/2024,6/21/2025,Completed,100,-18.54,10,409,643650.53,FALSE,TRUE,43072846.53
C-2025-040,Irrigation Canal Upgrade for Lalitpur Metropolitan City Office,Lalitpur Metropolitan City Office,15654850.17,14122283.64,NCB,Koshal Logistics Pvt. Ltd.,6/24/2024,3/20/2025,Completed,100,10.85,14,269,72420.94,FALSE,FALSE,15582429.23
C-2025-041,Call Center Outsourcing for Nepal Water Supply Corporation,Nepal Water Supply Corporation,2742857.61,3015119.11,NCB,Seti River Works,2/14/2025,7/1/2025,Completed,100,-9.03,8,137,-2139.74,FALSE,FALSE,2744997.35
C-2025-042,Solar Mini-Grid Installation for Bharatpur Metropolitan City Office,Bharatpur Metropolitan City Office,22775726.51,30210185.99,Shopping,Gandaki GIS & Survey,2/10/2025,7/29/2026,In-Progress,70.64,-24.61,4,534,7858296.47,FALSE,TRUE,14917430.04
C-2025-043,Supply of Vehicles for Karnali Province Physical Infrastructure Office,Karnali Province Physical Infrastructure Office,8378975.48,8154288.78,Shopping,Machhapuchhre Suppliers,7/7/2024,8/23/2024,Completed,100,2.76,6,47,-358955.56,FALSE,FALSE,8737931.04
C-2025-044,Procurement of Electric Poles for Department of Roads,"Department of Roads, DOR",6347588.56,5702576.79,NCB,Mountain Steel Fabricators,5/12/2024,8/28/2024,Completed,100,11.31,14,108,576937.61,FALSE,FALSE,5770650.95
C-2025-045,Water Supply Improvement for Ministry of Health and Population,Ministry of Health and Population,44626538.63,45773050.16,Direct,Seti River Works,3/22/2025,1/22/2026,In-Progress,23.86,-2.5,1,306,33514938.6,FALSE,FALSE,11111600.03
C-2025-046,Municipal Office Complex for National Public Procurement Monitoring Office,National Public Procurement Monitoring Office,15708076.08,15997843.16,NCB,Buddha IT Solutions,5/1/2025,6/11/2026,In-Progress,56.46,-1.81,9,406,7916528.19,FALSE,FALSE,7791547.89
C-2025-047,Detailed Project Report (DPR) for Karnali Province Physical Infrastructure Office,Karnali Province Physical Infrastructure Office,4207389.9,4754208.16,Shopping,Gorkha Consulting Engineers,5/5/2025,10/23/2025,Completed,100,-11.5,3,171,-266025.37,FALSE,FALSE,4473415.27
C-2025-048,Social Safeguard Study for Gandaki Province Physical Infrastructure Office,Gandaki Province Physical Infrastructure Office,2143560.38,2276041.48,QCBS,Chitwan Agro & Coldchain,2/16/2024,4/23/2024,Completed,100,-5.82,10,67,-66079.87,TRUE,FALSE,2209640.25
C-2025-049,Supply of Cement and Steel for Department of Electricity Development,Department of Electricity Development,45189067.47,48284828.65,QCBS,Bheri Hospital Constructors,4/5/2025,7/24/2025,Completed,100,-6.41,8,110,-3078909.14,FALSE,FALSE,48267976.61
C-2025-050,Municipal Office Complex for Sudurpashchim Province Physical Infrastructure Office,Sudurpashchim Province Physical Infrastructure Office,39461447.9,37968530.2,Direct,Annapurna Developers,9/8/2024,12/26/2025,In-Progress,73.97,3.93,1,474,12101623,FALSE,FALSE,27359824.9
C-2025-051,Municipal Office Complex for Bharatpur Metropolitan City Office,Bharatpur Metropolitan City Office,19950841.31,20146856.27,NCB,Hetauda Smart City Consortium,11/14/2023,10/10/2024,Completed,100,-0.97,11,331,-2770763.15,FALSE,FALSE,22721604.46
C-2025-052,Supply of Smart Cards for Rastriya Banijya Bank (Procurement Unit),Rastriya Banijya Bank (Procurement Unit),9277754.42,7482268.6,Direct,Koshi Irrigation Contractors,1/12/2025,1/27/2025,Completed,100,24,1,15,262708.08,FALSE,FALSE,9015046.34
C-2025-053,Water Supply Improvement for Bagmati Province Physical Infrastructure Office,Bagmati Province Physical Infrastructure Office,27745050.21,24156800.25,NCB,Koshal Logistics Pvt. Ltd.,12/15/2024,4/19/2026,In-Progress,37.12,14.85,11,490,16314759.15,FALSE,FALSE,11430291.06
C-2025-054,Bridge Construction for Agriculture Development Bank (Procurement Unit),Agriculture Development Bank (Procurement Unit),30397628.51,30563861.61,NCB,Shree Ganesh Nirman Sewa,11/19/2023,8/17/2024,Completed,100,-0.54,6,272,1188426.32,FALSE,FALSE,29209202.19
C-2025-055,Road Rehabilitation for Department of Electricity Development,Department of Electricity Development,39049921.09,29560122.11,NCB,Bheri Hospital Constructors,9/2/2023,5/11/2025,In-Progress,59.66,32.1,7,617,17303300.72,FALSE,FALSE,21746620.37
C-2025-056,Design Consultancy for Ministry of Health and Population,Ministry of Health and Population,2288405.09,2256897.48,QCBS,Patan Heritage Restoration Group,7/7/2023,1/24/2024,Completed,100,1.4,6,201,-69336.93,FALSE,FALSE,2357742.02
C-2025-057,Irrigation Canal Upgrade for Province 1 Infrastructure Development Office,Province 1 Infrastructure Development Office,12991711.77,12470222.53,Direct,Pashupati Electricals,11/11/2024,2/17/2026,In-Progress,43.13,4.18,1,463,7897658.39,FALSE,TRUE,5094053.38
C-2025-058,Supply of Medical Equipment for Karnali Province Physical Infrastructure Office,Karnali Province Physical Infrastructure Office,8060537.95,6840929.59,QCBS,Gorkha Consulting Engineers,10/21/2024,3/30/2025,In-Progress,77.95,17.83,5,160,751005.38,FALSE,FALSE,7309532.57
C-2025-059,Drainage & Sewer Line Expansion for Department of Electricity Development,Department of Electricity Development,10728110.68,10104720.67,NCB,Seti River Works,8/21/2023,12/16/2024,Completed,100,6.17,8,483,-815493.78,FALSE,FALSE,11543604.46
C-2025-060,Irrigation Canal Upgrade for Ministry of Education,"Ministry of Education, Science and Technology",34840520.76,38079159.22,Shopping,Trishuli Tech Works,9/22/2023,6/23/2024,Completed,100,-8.51,6,275,1937684.42,FALSE,FALSE,32902836.34
C-2025-061,Hospital Building Extension for Bagmati Province Physical Infrastructure Office,Bagmati Province Physical Infrastructure Office,3818008.83,3348674.3,NCB,Sagarmatha Infra JV,8/1/2023,7/18/2024,Completed,100,14.02,7,352,57858.45,TRUE,FALSE,3760150.38
C-2025-062,Bridge Construction for Butwal Sub-Metropolitan City Office,Butwal Sub-Metropolitan City Office,71089256.72,58889134.21,NCB,Hetauda Smart City Consortium,6/16/2025,1/12/2026,Delayed,44,20.72,8,210,39252328.74,FALSE,FALSE,31836927.98
C-2025-063,Supervision & Quality Assurance for Department of Roads,"Department of Roads, DOR",1713180.31,1952305.42,NCB,Annapurna Developers,2/12/2025,10/6/2025,In-Progress,55.26,-12.25,4,236,867366.95,FALSE,FALSE,845813.36
C-2025-064,Bridge Construction for Bagmati Province Physical Infrastructure Office,Bagmati Province Physical Infrastructure Office,30081948.05,27915264.9,Direct,Arun Valley Construction,10/13/2023,12/1/2024,Completed,100,7.76,1,415,-125986.96,FALSE,FALSE,30207935.01
C-2025-065,Feasibility Study for Pokhara Metropolitan City Office,Pokhara Metropolitan City Office,3440346.69,3713701.78,RFQ,Sudur Cement & Hardware,12/27/2024,5/2/2025,Completed,100,-7.36,6,126,-327386.86,TRUE,FALSE,3767733.55
C-2025-066,Budget & Cost Audit for Bharatpur Metropolitan City Office,Bharatpur Metropolitan City Office,8536528.79,6536842.35,QCBS,Koshi Irrigation Contractors,7/5/2024,9/18/2024,In-Progress,51.21,30.59,9,75,3863641.19,FALSE,FALSE,4672887.6
C-2025-067,Maintenance Service Contract for Agriculture Development Bank (Procurement Unit),Agriculture Development Bank (Procurement Unit),1829924.41,1784222.65,NCB,Patan Heritage Restoration Group,10/19/2024,3/2/2025,In-Progress,42.67,2.56,10,134,1113805.24,FALSE,FALSE,716119.17
C-2025-068,Municipal Office Complex for Sudurpashchim Province Physical Infrastructure Office,Sudurpashchim Province Physical Infrastructure Office,33072387.96,30322446.97,ICB,Hetauda Smart City Consortium,2/3/2025,5/10/2026,In-Progress,77.49,9.07,11,461,6834806.79,FALSE,FALSE,26237581.17
C-2025-069,School Building Reconstruction for Department of Urban Development and Building Construction,Department of Urban Development and Building Construction,38949531.62,35074855.53,QCBS,Koshal Logistics Pvt. Ltd.,3/2/2025,6/2/2026,Delayed,41,11.05,9,457,21233819.5,FALSE,FALSE,17715712.12
C-2025-070,Road Rehabilitation for Nepal Telecommunications Authority,Nepal Telecommunications Authority,26362656.59,26733823.97,Direct,Sunrise Meditech Suppliers,3/3/2024,5/10/2025,Completed,100,-1.39,1,433,-2020958.45,FALSE,FALSE,28383615.04
C-2025-071,Drainage & Sewer Line Expansion for Lumbini Province Physical Infrastructure Office,Lumbini Province Physical Infrastructure Office,37067770.44,36168390.74,NCB,Arun Valley Construction,5/9/2024,2/22/2025,Completed,100,2.49,14,289,484137.41,FALSE,FALSE,36583633.03
C-2025-072,Maintenance Service Contract for Department of Local Infrastructure,Department of Local Infrastructure,3511090.94,3853847.7,RFQ,Hetauda Smart City Consortium,4/3/2024,9/24/2024,Completed,100,-8.89,5,174,-275019.29,FALSE,FALSE,3786110.23
C-2025-073,Procurement of Furniture for Lumbini Province Physical Infrastructure Office,Lumbini Province Physical Infrastructure Office,9257795.26,8913108.93,Shopping,Seti River Works,1/13/2024,4/12/2024,Completed,100,3.87,4,90,-180063.94,FALSE,FALSE,9437859.2
C-2025-074,Supply of Laboratory Kits for Butwal Sub-Metropolitan City Office,Butwal Sub-Metropolitan City Office,6910122.91,7403635.89,Shopping,Bhaktapur Sanitation Services,2/18/2024,5/12/2024,Completed,100,-6.67,5,84,339240.33,TRUE,FALSE,6570882.58
C-2025-075,Municipal Office Complex for Department of Roads,"Department of Roads, DOR",14597919.42,12470964.12,NCB,Lumbini Hydro Solutions,4/14/2025,12/16/2026,In-Progress,83.95,17.06,11,611,1649568.37,TRUE,FALSE,12948351.05
C-2025-076,Road Rehabilitation for Pokhara Metropolitan City Office,Pokhara Metropolitan City Office,38919552.04,38862355.37,NCB,Trishuli Tech Works,11/1/2024,1/9/2026,Delayed,32.57,0.15,5,434,26066437.17,FALSE,FALSE,12853114.87
C-2025-077,River Embankment Protection for Department of Roads,"Department of Roads, DOR",47921357.51,47075694.79,QCBS,Shree Ganesh Nirman Sewa,3/11/2024,12/14/2024,Completed,100,1.8,4,278,2373536.78,FALSE,FALSE,45547820.73
C-2025-078,Bridge Construction for Department of Electricity Development,Department of Electricity Development,34200775.34,31887197.33,RFQ,Nepal Security Printers,4/30/2024,3/17/2025,Completed,100,7.26,6,321,1687234.5,FALSE,FALSE,32513540.84
C-2025-079,Waste Collection & Management for Butwal Sub-Metropolitan City Office,Butwal Sub-Metropolitan City Office,2703979.02,2539487.37,NCB,Trishuli Tech Works,5/7/2025,9/16/2025,Completed,100,6.48,5,132,76420.66,FALSE,FALSE,2627558.36
C-2025-080,Municipal Office Complex for Nepal Telecommunications Authority,Nepal Telecommunications Authority,11196921.08,9305809.78,Direct,Bhaktapur Sanitation Services,8/3/2023,8/24/2024,Completed,100,20.32,1,387,482661.79,FALSE,FALSE,10714259.29
C-2025-081,Water Supply Improvement for Nepal Water Supply Corporation,Nepal Water Supply Corporation,32169988.42,37865451.51,NCB,Madan Bhandari Construction,5/8/2025,4/7/2026,In-Progress,76.44,-15.04,7,334,7887962.51,FALSE,FALSE,24282025.91
C-2025-082,GIS Mapping and Survey for Birgunj Metropolitan City Office,Birgunj Metropolitan City Office,2082046.34,2077420.92,NCB,Chitwan Agro & Coldchain,3/1/2025,7/27/2025,Delayed,47.78,0.22,15,148,1046929.7,FALSE,FALSE,1035116.64
C-2025-083,Supply of Vehicles for Rastriya Banijya Bank (Procurement Unit),Rastriya Banijya Bank (Procurement Unit),8534891.97,10104703.29,Shopping,Shikhar Energy Solutions,11/17/2024,1/12/2025,Completed,100,-15.54,6,56,55695.37,TRUE,FALSE,8479196.6
C-2025-084,Procurement of Electric Poles for Hetauda Sub-Metropolitan City Office,Hetauda Sub-Metropolitan City Office,9295788.4,8848229.13,NCB,Kalika Water Projects,2/21/2025,6/7/2025,In-Progress,60.6,5.06,4,106,3655517.25,FALSE,TRUE,5640271.15
C-2025-085,Municipal Office Complex for Nepal Water Supply Corporation,Nepal Water Supply Corporation,16788322.77,16837700.94,Direct,Seti River Works,2/19/2025,2/25/2026,In-Progress,67.45,-0.29,1,371,4002863.03,FALSE,FALSE,12785459.74
C-2025-086,Drainage & Sewer Line Expansion for Gandaki Province Physical Infrastructure Office,Gandaki Province Physical Infrastructure Office,97163868.25,88216853.35,NCB,Annapurna Developers,12/12/2023,3/31/2025,Completed,100,10.14,9,475,-5085482.85,FALSE,FALSE,102249351.1
C-2025-087,Budget & Cost Audit for Department of Electricity Development,Department of Electricity Development,8757414.93,7907982.51,RFQ,Shree Ganesh Nirman Sewa,5/18/2024,10/26/2024,Completed,100,10.74,5,161,441227.56,FALSE,FALSE,8316187.37
C-2025-088,Social Safeguard Study for Agriculture Development Bank (Procurement Unit),Agriculture Development Bank (Procurement Unit),1257010.6,1177705.04,NCB,Hetauda Smart City Consortium,8/27/2024,12/19/2024,Completed,100,6.73,4,114,57254.27,FALSE,FALSE,1199756.33
C-2025-089,Supervision & Quality Assurance for Agriculture Development Bank (Procurement Unit),Agriculture Development Bank (Procurement Unit),3812478.99,4670822.42,NCB,Lumbini Hydro Solutions,4/20/2024,9/26/2024,In-Progress,78.76,-18.38,11,159,941736.52,TRUE,FALSE,2870742.47
C-2025-090,Supply of Computers & Networking for Kathmandu Metropolitan City Office,Kathmandu Metropolitan City Office,8418646.17,7084897.02,NCB,Sunrise Meditech Suppliers,8/21/2024,10/14/2024,Completed,100,18.83,5,54,-925104.2,FALSE,FALSE,9343750.37
C-2025-091,Supply of Cement and Steel for Lumbini Province Physical Infrastructure Office,Lumbini Province Physical Infrastructure Office,5206467.57,4136142.05,NCB,Bhaktapur Sanitation Services,12/3/2024,4/19/2025,Completed,100,25.88,15,137,-422933.56,FALSE,FALSE,5629401.13
C-2025-092,Drainage & Sewer Line Expansion for Butwal Sub-Metropolitan City Office,Butwal Sub-Metropolitan City Office,56102435.73,45368282.7,NCB,Buddha IT Solutions,12/2/2024,11/13/2025,Delayed,40.02,23.66,15,346,33632589.89,FALSE,FALSE,22469845.84
C-2025-093,Municipal Office Complex for Nepal Water Supply Corporation,Nepal Water Supply Corporation,20377883.27,21900966.86,QCBS,Himalayan Builders Pvt. Ltd.,4/15/2024,4/15/2025,Completed,100,-6.95,9,365,1305350.67,FALSE,FALSE,19072532.6
C-2025-094,Supervision & Quality Assurance for Nepal Telecommunications Authority,Nepal Telecommunications Authority,3450856.55,3663887.1,NCB,Sudur Cement & Hardware,6/5/2024,10/24/2024,Completed,100,-5.81,12,141,-147340.85,FALSE,FALSE,3598197.4
C-2025-095,Equipment Installation Service for Ministry of Health and Population,Ministry of Health and Population,1214263.92,1400436.34,NCB,Pashupati Electricals,8/24/2024,10/26/2024,Completed,100,-13.29,4,63,-24211.01,FALSE,FALSE,1238474.93
C-2025-096,Bridge Construction for Bagmati Province Physical Infrastructure Office,Bagmati Province Physical Infrastructure Office,67706394.39,68646223.88,Direct,Janakpur IT & Systems,11/19/2024,8/16/2025,In-Progress,84.48,-1.37,1,270,10233746.43,FALSE,FALSE,57472647.96
C-2025-097,Detailed Project Report (DPR) for Rastriya Banijya Bank (Procurement Unit),Rastriya Banijya Bank (Procurement Unit),7202245.27,6987073.17,NCB,Hetauda Smart City Consortium,7/16/2023,4/14/2024,Completed,100,3.08,15,273,-419849.54,FALSE,FALSE,7622094.81
C-2025-098,Solar Mini-Grid Installation for Department of Urban Development and Building Construction,Department of Urban Development and Building Construction,60683290.28,53656722.63,Shopping,Gautam Engineering Services,6/9/2025,8/20/2026,In-Progress,72.15,13.1,6,437,13046575.52,FALSE,FALSE,47636714.76
C-2025-099,Water Supply Improvement for Lumbini Province Physical Infrastructure Office,Lumbini Province Physical Infrastructure Office,13125203.78,9913363.23,NCB,Himalayan Software Labs,1/5/2025,6/2/2025,Completed,100,32.4,4,148,212161.18,FALSE,FALSE,12913042.6
C-2025-100,Public Awareness Campaign for Ministry of Education,"Ministry of Education, Science and Technology",4761439.87,4803775.61,Direct,Annapurna Developers,4/9/2025,9/11/2025,Completed,100,-0.88,1,155,-465273.3,FALSE,FALSE,5226713.17
C-2025-101,IT System Development for Pokhara Metropolitan City Office,Pokhara Metropolitan City Office,1125207.37,1117707.05,NCB,Bhaktapur Sanitation Services,7/2/2024,8/21/2024,Completed,100,0.67,9,50,-25929.2,FALSE,FALSE,1151136.57
C-2025-102,Water Supply Improvement for Ministry of Health and Population,Ministry of Health and Population,7721619.96,7639041.83,NCB,Gautam Engineering Services,5/30/2025,5/21/2026,In-Progress,22.39,1.08,7,356,5682491.84,FALSE,FALSE,2039128.12
C-2025-103,River Embankment Protection for Department of Electricity Development,Department of Electricity Development,15188849.46,14252243.79,Direct,Bhaktapur Sanitation Services,5/24/2025,7/1/2026,In-Progress,28.52,6.57,1,403,10914111,TRUE,FALSE,4274738.46
C-2025-104,School Building Reconstruction for Lumbini Province Physical Infrastructure Office,Lumbini Province Physical Infrastructure Office,14776732.48,15670511.74,Shopping,Trishuli Tech Works,10/10/2024,1/27/2026,In-Progress,41.74,-5.7,5,474,9311888.53,FALSE,FALSE,5464843.95
C-2025-105,Road Rehabilitation for Department of Roads,"Department of Roads, DOR",14344176.61,13391179.4,NCB,Bhaktapur Sanitation Services,7/23/2023,7/4/2024,Completed,100,7.12,14,347,1030954.32,TRUE,FALSE,13313222.29
C-2025-106,IT System Development for Department of Roads,"Department of Roads, DOR",2460483.91,2253884.31,Direct,Pashupati Electricals,3/13/2025,10/17/2025,In-Progress,60.35,9.17,1,218,992164.75,FALSE,FALSE,1468319.16
C-2025-107,Supply of Laboratory Kits for Bagmati Province Physical Infrastructure Office,Bagmati Province Physical Infrastructure Office,8949277.4,9762775,Shopping,Sagarmatha Infra JV,5/12/2024,8/1/2024,Completed,100,-8.33,6,81,284856.12,FALSE,FALSE,8664421.28
C-2025-108,Water Supply Improvement for Butwal Sub-Metropolitan City Office,Butwal Sub-Metropolitan City Office,22634118.22,16381883.53,NCB,Lumbini Hydro Solutions,1/3/2025,10/20/2025,Completed,100,38.17,9,290,2057700.82,FALSE,FALSE,20576417.4
C-2025-109,Equipment Installation Service for Department of Roads,"Department of Roads, DOR",5077022.22,4925298.84,Shopping,Karnali Renewables,10/26/2023,5/1/2024,In-Progress,69.41,3.08,6,188,1458247.66,FALSE,FALSE,3618774.56
C-2025-110,Public Awareness Campaign for Department of Local Infrastructure,Department of Local Infrastructure,4008023.2,3946499.6,QCBS,Shree Ganesh Nirman Sewa,8/8/2024,5/8/2025,Completed,100,1.56,4,273,229789.7,FALSE,FALSE,3778233.5
C-2025-111,Supply of Vehicles for Department of Local Infrastructure,Department of Local Infrastructure,7287942.43,6626473.55,QCBS,Annapurna Developers,5/22/2025,6/16/2025,Completed,100,9.98,5,25,621918.19,FALSE,FALSE,6666024.24
C-2025-112,Waste Collection & Management for Lalitpur Metropolitan City Office,Lalitpur Metropolitan City Office,1488535.63,1789900.08,NCB,Hetauda Smart City Consortium,6/17/2025,9/12/2025,Completed,100,-16.84,8,87,-78741.13,FALSE,TRUE,1567276.76
C-2025-113,Solar Mini-Grid Installation for Bharatpur Metropolitan City Office,Bharatpur Metropolitan City Office,64874583.76,65476892.17,ICB,Arun Valley Construction,1/1/2025,12/26/2025,In-Progress,33.47,-0.92,7,359,37232338.14,FALSE,FALSE,27642245.62
C-2025-114,Water Supply Improvement for Biratnagar Metropolitan City Office,Biratnagar Metropolitan City Office,14326940.98,13999704.46,Direct,Bheri Hospital Constructors,5/1/2025,6/29/2026,In-Progress,33.11,2.34,1,424,10771968.23,FALSE,FALSE,3554972.75
C-2025-115,Irrigation Canal Upgrade for Department of Electricity Development,Department of Electricity Development,83943119.97,69855104.89,NCB,Nepal Security Printers,2/27/2024,6/12/2025,Completed,100,20.17,9,471,-2835443.65,FALSE,FALSE,86778563.62
C-2025-116,Road Rehabilitation for Bharatpur Metropolitan City Office,Bharatpur Metropolitan City Office,19929762.39,18513009.97,NCB,Hetauda Smart City Consortium,10/2/2023,7/9/2024,Completed,100,7.65,14,281,1033147.84,FALSE,FALSE,18896614.55
C-2025-117,Supervision & Quality Assurance for Biratnagar Metropolitan City Office,Biratnagar Metropolitan City Office,2249171.42,2322167.87,NCB,Kalika Water Projects,1/27/2024,6/27/2024,In-Progress,53.74,-3.14,5,152,1072712.81,FALSE,FALSE,1176458.61
C-2025-118,Road Rehabilitation for Province 1 Infrastructure Development Office,Province 1 Infrastructure Development Office,18886108.35,20598076.41,NCB,Himalayan Builders Pvt. Ltd.,4/9/2024,12/16/2024,In-Progress,67.52,-8.31,6,251,7241940.85,FALSE,FALSE,11644167.5
C-2025-119,Solar Mini-Grid Installation for Hetauda Sub-Metropolitan City Office,Hetauda Sub-Metropolitan City Office,41901503.78,33507432.78,NCB,Madan Bhandari Construction,5/27/2024,6/2/2025,Completed,100,25.05,4,371,-1366056.55,TRUE,FALSE,43267560.33
C-2025-120,Road Rehabilitation for Department of Electricity Development,Department of Electricity Development,37594157.14,34150866.98,NCB,Bagmati Bridge Builders,12/7/2024,9/13/2025,Completed,100,10.08,13,280,4071181.28,FALSE,FALSE,33522975.86
C-2025-121,Supply of Street Lights for Gandaki Province Physical Infrastructure Office,Gandaki Province Physical Infrastructure Office,6743181.97,6953344.7,Shopping,Nepal Road Maintenance JV,5/4/2024,5/28/2024,Completed,100,-3.02,6,24,365878.29,TRUE,FALSE,6377303.68
C-2025-122,River Embankment Protection for Lumbini Province Physical Infrastructure Office,Lumbini Province Physical Infrastructure Office,9851043.66,9772929.06,NCB,Nepal Security Printers,9/14/2023,11/23/2024,Completed,100,0.8,5,436,715786.41,FALSE,FALSE,9135257.25
C-2025-123,Supply of Computers & Networking for Department of Urban Development and Building Construction,Department of Urban Development and Building Construction,6740868.52,6044876.52,RFQ,Gandaki GIS & Survey,3/3/2025,5/5/2025,Completed,100,11.51,5,63,155534.3,FALSE,FALSE,6585334.22
C-2025-124,Social Safeguard Study for Sudurpashchim Province Physical Infrastructure Office,Sudurpashchim Province Physical Infrastructure Office,2521586.08,2774458.43,Direct,Sunrise Meditech Suppliers,2/6/2024,9/3/2024,Completed,100,-9.11,1,210,170919.18,FALSE,FALSE,2350666.9
C-2025-125,Municipal Office Complex for Department of Urban Development and Building Construction,Department of Urban Development and Building Construction,63397892.17,44594245.99,Direct,Koshi Irrigation Contractors,5/16/2024,7/13/2025,Completed,100,42.17,1,423,3031288.77,FALSE,FALSE,60366603.4
C-2025-126,River Embankment Protection for Lalitpur Metropolitan City Office,Lalitpur Metropolitan City Office,23633429.42,24686003.4,QCBS,Koshi Irrigation Contractors,10/7/2023,12/9/2024,Completed,100,-4.26,9,429,856454.48,FALSE,FALSE,22776974.94
C-2025-127,Waste Collection & Management for Gandaki Province Physical Infrastructure Office,Gandaki Province Physical Infrastructure Office,2257898.89,2574306.95,RFQ,Narayani Road Builders,8/24/2024,12/26/2024,Terminated,61.36,-12.29,5,124,826715.77,FALSE,FALSE,1431183.12
C-2025-128,Call Center Outsourcing for Department of Local Infrastructure,Department of Local Infrastructure,1944620.11,1843680.75,RFQ,Annapurna Developers,2/11/2025,5/21/2025,Completed,100,5.47,4,99,-46023.57,FALSE,FALSE,1990643.68
C-2025-129,ICT Security Audit for Sudurpashchim Province Physical Infrastructure Office,Sudurpashchim Province Physical Infrastructure Office,3724334.31,4651872.68,NCB,Koshal Logistics Pvt. Ltd.,2/7/2025,6/11/2025,Delayed,76.78,-19.94,7,124,937643.66,FALSE,FALSE,2786690.65
C-2025-130,Supply of Vehicles for Province 1 Infrastructure Development Office,Province 1 Infrastructure Development Office,5367980.44,4055106.92,RFQ,Koshal Logistics Pvt. Ltd.,7/30/2023,12/15/2023,Completed,100,32.38,4,138,324683.26,FALSE,FALSE,5043297.18
C-2025-131,Solar Mini-Grid Installation for National Public Procurement Monitoring Office,National Public Procurement Monitoring Office,21619190.12,21666972.97,QCBS,Prithvi Highway Upgrades JV,9/10/2023,1/23/2024,Completed,100,-0.22,5,135,-2174593.02,FALSE,FALSE,23793783.14
C-2025-132,Bridge Construction for Department of Urban Development and Building Construction,Department of Urban Development and Building Construction,23406859.6,25736513.2,NCB,Gorkha Consulting Engineers,7/13/2024,8/16/2025,Completed,100,-9.05,8,399,3105344.02,FALSE,FALSE,20301515.58
C-2025-133,ICT Security Audit for Sudurpashchim Province Physical Infrastructure Office,Sudurpashchim Province Physical Infrastructure Office,4624548.66,3804013.38,NCB,Gautam Engineering Services,8/20/2023,1/31/2024,Completed,100,21.57,14,164,-317360.77,FALSE,FALSE,4941909.43
C-2025-134,Municipal Office Complex for Sudurpashchim Province Physical Infrastructure Office,Sudurpashchim Province Physical Infrastructure Office,20807566.48,22387564.57,NCB,Mountain Steel Fabricators,10/25/2023,11/28/2024,Completed,100,-7.06,9,400,-2834855.56,FALSE,FALSE,23642422.04
C-2025-135,Hospital Building Extension for Hetauda Sub-Metropolitan City Office,Hetauda Sub-Metropolitan City Office,30982477.22,29274620.59,NCB,Prithvi Highway Upgrades JV,3/5/2025,3/21/2026,In-Progress,33.75,5.83,4,381,18982339.53,FALSE,FALSE,12000137.69
C-2025-136,Supervision & Quality Assurance for Bharatpur Metropolitan City Office,Bharatpur Metropolitan City Office,3376009.02,3182499.92,NCB,Himalayan Builders Pvt. Ltd.,11/21/2024,2/27/2025,Completed,100,6.08,15,98,-97022.41,FALSE,FALSE,3473031.43
C-2025-137,Bridge Construction for Department of Local Infrastructure,Department of Local Infrastructure,49750146.51,46705339.64,QCBS,Kantipur Traders & Suppliers,8/10/2024,9/14/2025,Completed,100,6.52,10,400,805579.05,FALSE,FALSE,48944567.46
C-2025-138,Environmental Impact Assessment (EIA) for National Public Procurement Monitoring Office,National Public Procurement Monitoring Office,2676627.15,2797814.28,RFQ,Prithvi Highway Upgrades JV,6/26/2025,9/25/2025,Completed,100,-4.33,6,91,-121570.58,FALSE,FALSE,2798197.73
C-2025-139,Design Consultancy for Lumbini Province Physical Infrastructure Office,Lumbini Province Physical Infrastructure Office,4834666.29,5621153.09,RFQ,Bagmati Bridge Builders,9/29/2023,1/1/2024,In-Progress,65.34,-13.99,6,94,1131274.45,FALSE,FALSE,3703391.84
C-2025-140,Supervision & Quality Assurance for Hetauda Sub-Metropolitan City Office,Hetauda Sub-Metropolitan City Office,1867115.68,1468586.5,Direct,Karnali Renewables,12/20/2023,4/1/2024,Completed,100,27.14,1,103,-167597.27,FALSE,FALSE,2034712.95
C-2025-141,Maintenance Service Contract for Karnali Province Physical Infrastructure Office,Karnali Province Physical Infrastructure Office,2361923.53,2441275.27,NCB,Janakpur IT & Systems,2/27/2024,7/28/2024,Completed,100,-3.25,5,152,159499.14,FALSE,FALSE,2202424.39
C-2025-142,River Embankment Protection for Nepal Telecommunications Authority,Nepal Telecommunications Authority,28847465.88,29226157.39,QCBS,Hetauda Smart City Consortium,1/28/2025,11/12/2026,In-Progress,73.14,-1.3,10,653,6915875.49,FALSE,FALSE,21931590.39
C-2025-143,River Embankment Protection for Department of Urban Development and Building Construction,Department of Urban Development and Building Construction,16613319.76,17553238.31,Shopping,Janakpur IT & Systems,9/23/2024,10/14/2025,Completed,100,-5.35,3,386,-1876000.49,FALSE,FALSE,18489320.25
C-2025-144,Bridge Construction for Department of Roads,"Department of Roads, DOR",69435718.99,65176123.62,RFQ,Hetauda Smart City Consortium,10/5/2024,3/10/2026,In-Progress,30.26,6.54,3,521,48948516.74,FALSE,FALSE,20487202.25
C-2025-145,Supply of Vehicles for Department of Electricity Development,Department of Electricity Development,11376902.47,9066301.87,RFQ,Madan Bhandari Construction,1/18/2025,4/20/2025,Completed,100,25.49,3,92,-1044092.69,FALSE,FALSE,12420995.16
C-2025-146,Supply of Smart Cards for Pokhara Metropolitan City Office,Pokhara Metropolitan City Office,5317742.69,4671889.41,RFQ,Nepal Security Printers,10/14/2023,1/5/2024,In-Progress,13.63,13.82,5,83,4330289.8,FALSE,TRUE,987452.89
C-2025-147,Waste Collection & Management for Province 1 Infrastructure Development Office,Province 1 Infrastructure Development Office,1355278.59,1144655.49,RFQ,Gorkha Consulting Engineers,7/7/2024,11/7/2024,In-Progress,46.61,18.4,5,123,587863.89,FALSE,FALSE,767414.7
C-2025-148,ICT Security Audit for Lalitpur Metropolitan City Office,Lalitpur Metropolitan City Office,1662088.78,1613075.17,RFQ,Karnali Renewables,10/5/2023,2/16/2024,Completed,100,3.04,6,134,27197.45,FALSE,FALSE,1634891.33
C-2025-149,Detailed Project Report (DPR) for National Public Procurement Monitoring Office,National Public Procurement Monitoring Office,3190114.32,3101709.41,NCB,Janakpur IT & Systems,6/23/2024,7/23/2024,In-Progress,72.41,2.85,8,30,526249.66,FALSE,FALSE,2663864.66
C-2025-150,Solar Mini-Grid Installation for Department of Urban Development and Building Construction,Department of Urban Development and Building Construction,22717969.69,19701407.04,NCB,Lumbini Hydro Solutions,5/17/2025,9/24/2026,Delayed,99,15.31,15,495,146460.34,FALSE,FALSE,22571509.35
C-2025-151,Municipal Office Complex for Rastriya Banijya Bank (Procurement Unit),Rastriya Banijya Bank (Procurement Unit),26311717.96,26937152,Direct,Bagmati Bridge Builders,7/19/2023,7/14/2024,Completed,100,-2.32,1,361,227902.23,FALSE,FALSE,26083815.73
C-2025-152,Solar Mini-Grid Installation for Biratnagar Metropolitan City Office,Biratnagar Metropolitan City Office,19228125.51,19152551.43,Shopping,Kantipur Traders & Suppliers,4/28/2024,2/13/2025,Completed,100,0.39,3,291,626942.38,FALSE,FALSE,18601183.13
C-2025-153,River Embankment Protection for Sudurpashchim Province Physical Infrastructure Office,Sudurpashchim Province Physical Infrastructure Office,28455674.01,27585008.18,NCB,Gautam Engineering Services,11/12/2023,8/12/2024,Completed,100,3.16,13,274,-2567828.05,FALSE,FALSE,31023502.06
C-2025-154,GIS Mapping and Survey for Department of Electricity Development,Department of Electricity Development,5342360.12,6141204.42,NCB,Sagarmatha Infra JV,8/24/2024,9/23/2024,Completed,100,-13.01,9,30,664607.84,FALSE,FALSE,4677752.28
C-2025-155,ICT Security Audit for Hetauda Sub-Metropolitan City Office,Hetauda Sub-Metropolitan City Office,2765830.78,2298678.08,QCBS,Shikhar Energy Solutions,3/1/2024,7/8/2024,Delayed,35.55,20.32,6,129,1966877.83,FALSE,FALSE,798952.95
C-2025-156,Public Awareness Campaign for Department of Roads,"Department of Roads, DOR",3689698.4,4252696.98,ICB,Gandaki GIS & Survey,11/26/2024,6/21/2025,Delayed,73.04,-13.24,11,207,1244694.32,FALSE,FALSE,2445004.08
C-2025-157,Solar Mini-Grid Installation for Department of Local Infrastructure,Department of Local Infrastructure,35805953.51,30554819.33,ICB,Sunrise Meditech Suppliers,10/14/2023,8/6/2024,Completed,100,17.19,6,297,-1531775.32,FALSE,FALSE,37337728.83
C-2025-158,Drainage & Sewer Line Expansion for Hetauda Sub-Metropolitan City Office,Hetauda Sub-Metropolitan City Office,21318962.98,23137794.49,NCB,Nepal Security Printers,6/22/2024,5/19/2025,Completed,100,-7.86,4,331,-568273.99,FALSE,FALSE,21887236.97
C-2025-159,Public Awareness Campaign for Kathmandu Metropolitan City Office,Kathmandu Metropolitan City Office,4080370.75,3551034.05,NCB,Dolakha Telecom Services,10/10/2023,1/19/2024,Completed,100,14.91,15,101,-150794.74,FALSE,FALSE,4231165.49
C-2025-160,Security Service Contract for Biratnagar Metropolitan City Office,Biratnagar Metropolitan City Office,2106849.16,2189302.73,ICB,Patan Heritage Restoration Group,10/2/2024,2/28/2025,In-Progress,23.72,-3.77,5,149,1490297.41,FALSE,FALSE,616551.75
C-2025-161,Municipal Office Complex for Department of Roads,"Department of Roads, DOR",19508604.6,21964369.35,NCB,Arun Valley Construction,5/4/2024,4/6/2025,Completed,100,-11.18,5,337,824445.75,FALSE,FALSE,18684158.85
C-2025-162,Water Supply Improvement for Nepal Telecommunications Authority,Nepal Telecommunications Authority,10490939.06,11253852.68,QCBS,Buddha IT Solutions,12/30/2024,7/8/2025,Completed,100,-6.78,4,190,805974.38,FALSE,FALSE,9684964.68
C-2025-163,Bridge Construction for Hetauda Sub-Metropolitan City Office,Hetauda Sub-Metropolitan City Office,7654791.54,9213113.92,RFQ,Kalika Water Projects,8/30/2024,3/23/2026,In-Progress,60.28,-16.91,4,570,3084902.32,FALSE,FALSE,4569889.22
C-2025-164,Waste Collection & Management for Rastriya Banijya Bank (Procurement Unit),Rastriya Banijya Bank (Procurement Unit),2898231.41,2885142.52,RFQ,Sunrise Meditech Suppliers,7/21/2023,10/21/2023,In-Progress,82.58,0.45,6,92,485008.42,FALSE,FALSE,2413222.99
C-2025-165,Irrigation Canal Upgrade for Hetauda Sub-Metropolitan City Office,Hetauda Sub-Metropolitan City Office,21462819.55,21316153.91,NCB,Annapurna Developers,2/15/2025,2/28/2026,Delayed,62.7,0.69,15,378,10207933.83,FALSE,FALSE,11254885.72
C-2025-166,Social Safeguard Study for Sudurpashchim Province Physical Infrastructure Office,Sudurpashchim Province Physical Infrastructure Office,4567464.72,4661115.34,NCB,Hetauda Smart City Consortium,6/12/2025,8/20/2025,Completed,100,-2.01,11,69,50420.24,FALSE,FALSE,4517044.48
C-2025-167,Water Supply Improvement for Butwal Sub-Metropolitan City Office,Butwal Sub-Metropolitan City Office,32885718.17,30755672,NCB,Sagarmatha Infra JV,5/19/2024,5/16/2025,Completed,100,6.93,8,362,1535706.59,FALSE,FALSE,31350011.58
C-2025-168,Drainage & Sewer Line Expansion for Department of Roads,"Department of Roads, DOR",14842070.88,15569188.84,RFQ,Sudur Cement & Hardware,8/18/2023,9/4/2024,Completed,100,-4.67,5,383,1516191.99,FALSE,FALSE,13325878.89
C-2025-169,Supply of Laboratory Kits for Ministry of Health and Population,Ministry of Health and Population,8337706.54,8593870.63,QCBS,Karnali Renewables,1/8/2024,5/18/2024,Completed,100,-2.98,7,131,-491603.34,FALSE,FALSE,8829309.88
C-2025-170,Policy & Process Review for Lalitpur Metropolitan City Office,Lalitpur Metropolitan City Office,5160100.06,4020208.63,Direct,Koshi Irrigation Contractors,3/8/2025,11/12/2025,In-Progress,23.01,28.35,1,249,4166208.62,FALSE,FALSE,993891.44
C-2025-171,Supply of Vehicles for Province 1 Infrastructure Development Office,Province 1 Infrastructure Development Office,8527693.72,7785023.21,NCB,Koshi Irrigation Contractors,12/18/2023,3/18/2024,Completed,100,9.54,15,91,-95561.39,FALSE,FALSE,8623255.11
C-2025-172,Procurement of Electric Poles for Bagmati Province Physical Infrastructure Office,Bagmati Province Physical Infrastructure Office,4848796.55,4030322.93,NCB,Green Valley Engineering,9/15/2023,11/13/2023,Completed,100,20.31,14,59,268594.21,FALSE,FALSE,4580202.34
C-2025-173,Equipment Installation Service for Province 1 Infrastructure Development Office,Province 1 Infrastructure Development Office,1561030.97,1758403.07,NCB,Nepal Security Printers,8/5/2023,9/26/2023,Completed,100,-11.22,6,52,88922.46,FALSE,FALSE,1472108.51
C-2025-174,Call Center Outsourcing for Biratnagar Metropolitan City Office,Biratnagar Metropolitan City Office,3023703.78,3090770.54,NCB,Nepal Security Printers,7/14/2024,3/22/2025,Completed,100,-2.17,9,251,155725.18,TRUE,FALSE,2867978.6
C-2025-175,Water Supply Improvement for Hetauda Sub-Metropolitan City Office,Hetauda Sub-Metropolitan City Office,18898957.21,19175660.2,RFQ,Narayani Road Builders,7/27/2023,10/13/2024,Completed,100,-1.44,4,444,-2902975.69,FALSE,FALSE,21801932.9
C-2025-176,Environmental Impact Assessment (EIA) for Butwal Sub-Metropolitan City Office,Butwal Sub-Metropolitan City Office,5483055.06,5020388.45,Direct,Gautam Engineering Services,4/18/2024,9/9/2024,Completed,100,9.22,1,144,11510.63,FALSE,FALSE,5471544.43
C-2025-177,GIS Mapping and Survey for Lumbini Province Physical Infrastructure Office,Lumbini Province Physical Infrastructure Office,2465400.49,3001609.88,ICB,Nepal Security Printers,9/28/2023,6/10/2024,Completed,100,-17.86,10,256,-104693.52,FALSE,FALSE,2570094.01
C-2025-178,Supervision & Quality Assurance for Lumbini Province Physical Infrastructure Office,Lumbini Province Physical Infrastructure Office,4345204.94,4852318.75,QCBS,Seti River Works,7/5/2024,10/29/2024,Completed,100,-10.45,8,116,-162113.5,FALSE,FALSE,4507318.44
C-2025-179,GIS Mapping and Survey for Agriculture Development Bank (Procurement Unit),Agriculture Development Bank (Procurement Unit),2356736.24,2286735.9,NCB,Kalika Water Projects,7/12/2024,9/5/2024,In-Progress,53.14,3.06,11,55,1016600.98,FALSE,FALSE,1340135.26
C-2025-180,Irrigation Canal Upgrade for Nepal Telecommunications Authority,Nepal Telecommunications Authority,11980529.94,12527126.55,Direct,Nepal Road Maintenance JV,8/24/2024,9/9/2025,Completed,100,-4.36,1,381,-438908.45,FALSE,FALSE,12419438.39
C-2025-181,Procurement of Electric Poles for Gandaki Province Physical Infrastructure Office,Gandaki Province Physical Infrastructure Office,11300871.03,12431756.64,NCB,Nepal Road Maintenance JV,6/17/2024,10/7/2024,Delayed,66.48,-9.1,6,112,3835627.99,FALSE,FALSE,7465243.04
C-2025-182,School Building Reconstruction for Pokhara Metropolitan City Office,Pokhara Metropolitan City Office,34544915.42,35405861.85,Shopping,Narayani Road Builders,12/12/2024,5/21/2025,Completed,100,-2.43,4,160,-562900.08,FALSE,FALSE,35107815.5
C-2025-183,Water Supply Improvement for Department of Roads,"Department of Roads, DOR",13955246.32,15718887.22,Shopping,Shree Ganesh Nirman Sewa,3/13/2024,10/5/2024,Completed,100,-11.22,4,206,33120.11,FALSE,FALSE,13922126.21
C-2025-184,Supply of Water Meters for Bagmati Province Physical Infrastructure Office,Bagmati Province Physical Infrastructure Office,6676865.43,6700706.76,NCB,Gorkha Consulting Engineers,2/26/2025,6/23/2025,Completed,100,-0.36,13,117,-375887.68,FALSE,FALSE,7052753.11
C-2025-185,River Embankment Protection for Pokhara Metropolitan City Office,Pokhara Metropolitan City Office,28280199.86,26711411.35,Shopping,Everest Construction Co.,9/22/2023,7/16/2024,Delayed,44.14,5.87,3,298,16321926.61,FALSE,FALSE,11958273.25
C-2025-186,Water Supply Improvement for Nepal Telecommunications Authority,Nepal Telecommunications Authority,20030182.66,23048545.61,RFQ,Shikhar Energy Solutions,4/22/2024,5/13/2025,Completed,100,-13.1,5,386,1075148.86,FALSE,FALSE,18955033.8
C-2025-187,Irrigation Canal Upgrade for Birgunj Metropolitan City Office,Birgunj Metropolitan City Office,20504631.9,24065001.77,Direct,Nepal Security Printers,8/29/2024,8/1/2025,Completed,100,-14.79,1,337,-241817,FALSE,FALSE,20746448.9
C-2025-188,Detailed Project Report (DPR) for Department of Local Infrastructure,Department of Local Infrastructure,1675291.66,1728978.11,NCB,Prithvi Highway Upgrades JV,11/11/2023,6/9/2024,Completed,100,-3.11,9,211,-89423.46,FALSE,FALSE,1764715.12
C-2025-189,Irrigation Canal Upgrade for Bharatpur Metropolitan City Office,Bharatpur Metropolitan City Office,50591200.96,47450771.69,NCB,Green Valley Engineering,4/23/2024,4/27/2025,In-Progress,90.23,6.62,10,369,-2035480.68,FALSE,FALSE,52626681.64
C-2025-190,Maintenance Service Contract for Butwal Sub-Metropolitan City Office,Butwal Sub-Metropolitan City Office,1981815.43,2327456.2,Direct,Gorkha Consulting Engineers,11/22/2024,3/3/2025,In-Progress,94.49,-14.85,1,101,171370.75,FALSE,FALSE,1810444.68
C-2025-191,Health Screening Camp Service for Hetauda Sub-Metropolitan City Office,Hetauda Sub-Metropolitan City Office,2133334.75,1789155.19,RFQ,Terai Concrete & Steel,2/17/2025,5/26/2025,Completed,100,19.24,5,98,117587.53,FALSE,FALSE,2015747.22
C-2025-192,Drainage & Sewer Line Expansion for Bharatpur Metropolitan City Office,Bharatpur Metropolitan City Office,16840907.6,16770812.6,NCB,Koshi Irrigation Contractors,11/15/2023,7/11/2024,Completed,100,0.42,8,239,-236663.32,FALSE,FALSE,17077570.92
C-2025-193,River Embankment Protection for Department of Local Infrastructure,Department of Local Infrastructure,14665195.27,16397428.89,RFQ,Sunrise Meditech Suppliers,4/21/2024,10/19/2025,Completed,100,-10.56,3,546,188291.29,FALSE,FALSE,14476903.98
C-2025-194,Supply of Water Meters for Bharatpur Metropolitan City Office,Bharatpur Metropolitan City Office,9224833.93,7982003.03,NCB,Prithvi Highway Upgrades JV,7/17/2024,10/13/2024,Completed,100,15.57,9,88,-211659.98,FALSE,FALSE,9436493.91
C-2025-195,Hospital Building Extension for Pokhara Metropolitan City Office,Pokhara Metropolitan City Office,35872113.12,37116883.96,RFQ,Sagarmatha Infra JV,11/18/2023,12/1/2024,In-Progress,99,-3.35,5,379,1731345.98,FALSE,FALSE,34140767.14
C-2025-196,Municipal Office Complex for Birgunj Metropolitan City Office,Birgunj Metropolitan City Office,18367910.11,17143555.65,RFQ,Prithvi Highway Upgrades JV,3/23/2025,1/13/2026,In-Progress,39.07,7.14,5,296,9881182.7,FALSE,FALSE,8486727.41
C-2025-197,Supply of Medical Equipment for Kathmandu Metropolitan City Office,Kathmandu Metropolitan City Office,4948657.34,4454372.24,NCB,Bagmati Bridge Builders,6/4/2024,10/28/2024,Completed,100,11.1,14,146,-139972.44,FALSE,FALSE,5088629.78
C-2025-198,Supply of Water Meters for Bagmati Province Physical Infrastructure Office,Bagmati Province Physical Infrastructure Office,9033639.67,9253615.68,NCB,Madan Bhandari Construction,2/11/2025,4/19/2025,Completed,100,-2.38,7,67,821561.17,FALSE,FALSE,8212078.5
C-2025-199,Environmental Impact Assessment (EIA) for Gandaki Province Physical Infrastructure Office,Gandaki Province Physical Infrastructure Office,7334831.17,6795466.98,NCB,Arun Valley Construction,8/2/2023,3/31/2024,In-Progress,45.31,7.94,13,242,3885612.7,TRUE,FALSE,3449218.47
C-2025-200,Solar Mini-Grid Installation for Rastriya Banijya Bank (Procurement Unit),Rastriya Banijya Bank (Procurement Unit),39631173,49191184.66,NCB,Gautam Engineering Services,10/25/2024,11/29/2025,In-Progress,50.58,-19.43,15,400,21483973.07,FALSE,FALSE,18147199.93
